/*
Insertion pays
*/
insert into country(cid,name) values(1,'Allemagne') ;
insert into country(cid,name) values(2,'Autriche') ;
insert into country(cid,name) values(3,'Belgique') ;
insert into country(cid,name) values(4,'Bulgarie') ;
insert into country(cid,name) values(5,'Chypre') ;
insert into country(cid,name) values(6,'Croatie') ;
insert into country(cid,name) values(7,'Danemark') ;
insert into country(cid,name) values(8,'Espagne') ;
insert into country(cid,name) values(9,'Estonie') ;
insert into country(cid,name) values(10,'Finlande') ;
insert into country(cid,name) values(11,'France') ;
insert into country(cid,name) values(12,'Grèce') ;
insert into country(cid,name) values(13,'Hongrie') ;
insert into country(cid,name) values(14,'Irlande') ;
insert into country(cid,name) values(15,'Italie') ;
insert into country(cid,name) values(16,'Lettonie') ;
insert into country(cid,name) values(17,'Lituanie') ;
insert into country(cid,name) values(18,'Luxembourg') ;
insert into country(cid,name) values(19,'Malte') ;
insert into country(cid,name) values(20,'Pays-Bas') ;
insert into country(cid,name) values(21,'Pologne') ;
insert into country(cid,name) values(22,'Portugal') ;
insert into country(cid,name) values(23,'République tchèque') ;
insert into country(cid,name) values(24,'Roumanie') ;
insert into country(cid,name) values(25,'Slovaquie') ;
insert into country(cid,name) values(26,'Slovénie') ;
insert into country(cid,name) values(27,'Suède') ;

/*
Insertion Team
*/
insert into team(cid,tid,name) values(1,1,'T1') ;
insert into team(cid,tid,name) values(2,2,'Natus Vincere') ;
insert into team(cid,tid,name) values(3,3,'Astralis') ;
insert into team(cid,tid,name) values(4,4,'Envy') ;
insert into team(cid,tid,name) values(5,5,'OpTic Gaming') ;
insert into team(cid,tid,name) values(6,6,'FaZe Clan') ;
insert into team(cid,tid,name) values(7,7,'G2 Esports') ;
insert into team(cid,tid,name) values(8,8,'Team Liquid') ;
insert into team(cid,tid,name) values(9,9,'Fnatic') ;
insert into team(cid,tid,name) values(10,10,'Cloud9') ;
insert into team(cid,tid,name) values(1,11,'Team Vitality') ;
insert into team(cid,tid,name) values(2,12,'Virtus.pro') ;
insert into team(cid,tid,name) values(3,13,'Team Spirit') ;
insert into team(cid,tid,name) values(4,14,'Evil Geniuses') ;
insert into team(cid,tid,name) values(5,15,'LCS') ;
insert into team(cid,tid,name) values(6,16,'Kcorp') ;
insert into team(cid,tid,name) values(7,17,'HollyCorp') ;
insert into team(cid,tid,name) values(8,18,'Hypping') ;
insert into team(cid,tid,name) values(9,19,'AD HONORES') ;


-- /*
-- Insertion Compte utilisateur
-- */
-- insert into COMPTES(login,password) values( 'theo','theo') ;
-- insert into COMPTES(login,password) values( 'julien','julien') ;
-- insert into COMPTES(login,password) values( 'yann','yann') ;
-- insert into COMPTES(login,password) values( 'dorian','dorian') ;
-- insert into COMPTES(login,password) values( 'yves','yves') ;
-- insert into COMPTES(login,password) values( 'mayeul','mayeul') ;
-- insert into COMPTES(login,password) values( 'yves-mayeul','yves-mayeul') ;
-- insert into COMPTES(login,password) values( 'franck','franck') ;
-- insert into COMPTES(login,password) values( 'nicola','nicola') ;
-- insert into COMPTES(login,password) values( 'alexi','alexi') ;
-- insert into COMPTES(login,password) values( 'press','press') ;

/*
Insertion player
*/
insert into player(cid,tid,family_name,first_name) values(1,7,'Franck','Desbonnets');
insert into player(cid,tid,family_name,first_name) values(2,6,'Yves-Mayeul','Aranguren');
insert into player(cid,tid,family_name,first_name) values(3,5,'Yann','Yhuel');
insert into player(cid,tid,family_name,first_name) values(4,4,'Dorian','Claparede');
insert into player(cid,tid,family_name,first_name) values(5,3,'Nicolas','Desbonnets');
insert into player(cid,tid,family_name,first_name) values(6,2,'Alexi','Desbonnets');
insert into player(cid,tid,family_name,first_name) values(7,1,'Julien','Letallec');
insert into player(cid,tid,family_name,first_name) values(1,1,'Theo','Bardeau');
insert into player(cid,tid,family_name,first_name) values(2,2,'Arthur','Cordier');
insert into player(cid,tid,family_name,first_name) values(3,3,'Elio','Mahieux');
insert into player(cid,tid,family_name,first_name) values(4,4,'Mathis','Quintin');
insert into player(cid,tid,family_name,first_name) values(5,5,'Valteck','corp');
